{
"Combined|powerVsError" : {
"0.0" :[0.0,0.0,0.0,0.0,0.0,0.0,0.0,0.0,0.0,0.0],
"2.0" :[0.0,0.0,0.003625,0.0035,0.00325,0.0,0.00375,0.007125,0.0,0.0],
"2.25" :[0.024875,0.027375,0.026,0.024375,0.0255,0.02475,0.028,0.026125,0.026125,0.023375],
"2.5" :[0.038,0.0415,0.04125,0.0415,0.042,0.041125,0.04125,0.041375,0.037875,0.04075],
"2.75" :[0.06075,0.059,0.060625,0.06025,0.06125,0.059125,0.059125,0.060875,0.055,0.064125],
"3.0" :[0.078375,0.073625,0.06725,0.08175,0.078,0.076,0.076375,0.077125,0.0735,0.07675],
"3.25" :[0.095625,0.0965,0.096375,0.091375,0.093625,0.09625,0.097125,0.10125,0.09075,0.090875],
"3.5" :[0.1125,0.11825,0.1075,0.113375,0.106375,0.111375,0.1145,0.116125,0.116125,0.11225],
"3.75" :[0.1235,0.136,0.133875,0.134,0.1345,0.131625,0.125,0.1245,0.13,0.136375],
"4.0" :[0.150875,0.144625,0.14875,0.150875,0.146375,0.147125,0.1415,0.143,0.14525,0.1415],
"0.45" :[0.0,0.0,0.0,0.0,0.0,0.0,0.0,0.0,0.0,0.0],
"4.25" :[0.157125,0.1615,0.161875,0.160125,0.16825,0.160375,0.16175,0.15525,0.156,0.169625],
"4.5" :[0.183,0.17775,0.175,0.172375,0.174125,0.176875,0.175875,0.180375,0.168875,0.17375],
"4.75" :[0.187125,0.1905,0.18375,0.182875,0.186625,0.182125,0.185375,0.192125,0.1825,0.1925],
"4.8" :[0.18775,0.19325,0.19525,0.19025,0.192125,0.188,0.19975,0.200625,0.190375,0.188],
"0.9" :[0.0,0.0,0.0,0.0,0.0,0.0,0.0,0.0,0.0,0.0],
"4.55" :[0.177,0.1795,0.17925,0.182125,0.179625,0.183375,0.174875,0.1785,0.17725,0.176625],
"4.3" :[0.162375,0.167875,0.165875,0.161,0.16075,0.167625,0.166,0.164875,0.16825,0.163875],
"0.1" :[0.0,0.0,0.0,0.0,0.0,0.0,0.0,0.0,0.0,0.0],
"4.05" :[0.151,0.14525,0.149875,0.155625,0.14925,0.149875,0.152625,0.1475,0.152375,0.147875],
"0.65" :[0.0,0.0,0.0,0.0,0.0,0.0,0.0,0.0,0.0,0.0],
"2.4" :[0.035625,0.038,0.03525,0.035,0.03625,0.0345,0.036875,0.03425,0.037,0.03375],
"1.8" :[0.0,0.0,0.0,0.0,0.0,0.0,0.0,0.0,0.0,0.0],
"2.15" :[0.019875,0.020625,0.021125,0.020625,0.020125,0.012125,0.015,0.01225,0.01725,0.012125],
"0.05" :[0.0,0.0,0.0,0.0,0.0,0.0,0.0,0.0,0.0,0.0],
"2.9" :[0.06625,0.066,0.071125,0.0675,0.06525,0.0665,0.065875,0.071375,0.068875,0.07175],
"1.55" :[0.0,0.0,0.0,0.0,0.0,0.0,0.0,0.0,0.0,0.0],
"2.65" :[0.04975,0.050625,0.05225,0.051,0.0515,0.051,0.052875,0.052,0.051625,0.051125],
"3.4" :[0.106,0.1065,0.108875,0.09825,0.10325,0.10325,0.102375,0.1075,0.10225,0.10525],
"1.3" :[0.0,0.0,0.0,0.0,0.0,0.0,0.0,0.0,0.0,0.0],
"3.15" :[0.08875,0.084875,0.08275,0.090875,0.08825,0.08925,0.09075,0.085875,0.084875,0.090125],
"3.9" :[0.1445,0.132,0.13875,0.1405,0.139,0.135125,0.14525,0.137,0.1375,0.142625],
"1.05" :[0.0,0.0,0.0,0.0,0.0,0.0,0.0,0.0,0.0,0.0],
"3.65" :[0.11875,0.11925,0.123125,0.12425,0.123875,0.126375,0.12875,0.133375,0.12625,0.12425],
"0.4" :[0.0,0.0,0.0,0.0,0.0,0.0,0.0,0.0,0.0,0.0],
"0.2" :[0.0,0.0,0.0,0.0,0.0,0.0,0.0,0.0,0.0,0.0],
"2.8" :[0.062375,0.064375,0.060875,0.060875,0.062,0.062875,0.060375,0.06325,0.058,0.064625],
"2.55" :[0.045375,0.05175,0.0475,0.047875,0.043,0.047625,0.042625,0.04125,0.047625,0.04375],
"1.6" :[0.0,0.0,0.0,0.0,0.0,0.0,0.0,0.0,0.0,0.0],
"2.3" :[0.027375,0.02875,0.029,0.029375,0.029375,0.029875,0.029375,0.02675,0.03,0.027875],
"2.05" :[0.014,0.014,0.003125,0.006875,0.0065,0.00925,0.007875,0.00425,0.00575,0.00825],
"1.85" :[0.0,0.0,0.0,0.0,0.0,0.0,0.0,0.0,0.0,0.0],
"3.8" :[0.129,0.132125,0.13225,0.133375,0.13425,0.13375,0.134,0.137375,0.13875,0.13225],
"3.55" :[0.11425,0.114125,0.11525,0.1075,0.113,0.11725,0.12075,0.118625,0.11975,0.113125],
"1.1" :[0.0,0.0,0.0,0.0,0.0,0.0,0.0,0.0,0.0,0.0],
"3.3" :[0.09175,0.096125,0.094375,0.103,0.097125,0.108,0.09925,0.098375,0.091125,0.100375],
"3.05" :[0.0775,0.0825,0.0815,0.086125,0.079375,0.077625,0.07625,0.082125,0.077125,0.083375],
"1.35" :[0.0,0.0,0.0,0.0,0.0,0.0,0.0,0.0,0.0,0.0],
"0.8" :[0.0,0.0,0.0,0.0,0.0,0.0,0.0,0.0,0.0,0.0],
"4.6" :[0.186625,0.180875,0.176375,0.179375,0.18625,0.18975,0.18375,0.189,0.175375,0.1855],
"4.85" :[0.187,0.19275,0.20325,0.197125,0.195875,0.1865,0.199625,0.19,0.20025,0.1935],
"4.1" :[0.152875,0.152375,0.153625,0.154125,0.150125,0.146375,0.151625,0.150875,0.14625,0.148375],
"4.35" :[0.166625,0.168,0.165125,0.163375,0.165375,0.168,0.17,0.1745,0.16525,0.174625],
"0.55" :[0.0,0.0,0.0,0.0,0.0,0.0,0.0,0.0,0.0,0.0],
"0.7" :[0.0,0.0,0.0,0.0,0.0,0.0,0.0,0.0,0.0,0.0],
"0.95" :[0.0,0.0,0.0,0.0,0.0,0.0,0.0,0.0,0.0,0.0],
"4.65" :[0.18375,0.184125,0.182,0.1865,0.18425,0.182625,0.179,0.187125,0.180875,0.189125],
"4.9" :[0.196625,0.195375,0.19625,0.197,0.201625,0.200375,0.19925,0.19875,0.197,0.207125],
"4.15" :[0.15025,0.15775,0.157375,0.153,0.151875,0.150375,0.159375,0.161875,0.15575,0.15975],
"4.4" :[0.172,0.17575,0.177,0.171875,0.1705,0.177125,0.173875,0.166625,0.17025,0.171375],
"1.4" :[0.0,0.0,0.0,0.0,0.0,0.0,0.0,0.0,0.0,0.0],
"3.45" :[0.10975,0.105625,0.1115,0.10725,0.1105,0.104875,0.111,0.108625,0.108625,0.113125],
"3.2" :[0.08925,0.089125,0.0985,0.08575,0.087,0.093,0.0965,0.095375,0.095125,0.09175],
"1.15" :[0.0,0.0,0.0,0.0,0.0,0.0,0.0,0.0,0.0,0.0],
"3.95" :[0.13975,0.141125,0.14,0.141625,0.1465,0.140375,0.14275,0.146875,0.1435,0.14125],
"3.7" :[0.12075,0.13,0.13425,0.120125,0.121625,0.132875,0.129375,0.12375,0.125,0.13325],
"1.9" :[0.0,0.0,0.0,0.0,0.0,0.0,0.0,0.0,0.0,0.0],
"2.45" :[0.037875,0.035,0.038375,0.039125,0.041125,0.038875,0.034,0.03725,0.0385,0.0345],
"2.2" :[0.021375,0.023375,0.022125,0.022125,0.019,0.019625,0.02325,0.0235,0.02175,0.0265],
"1.65" :[0.0,0.0,0.0,0.0,0.0,0.0,0.0,0.0,0.0,0.0],
"2.95" :[0.072875,0.071625,0.0695,0.075875,0.072625,0.069875,0.074,0.074875,0.069625,0.071625],
"2.7" :[0.05225,0.052875,0.05625,0.049375,0.057,0.0535,0.05425,0.0545,0.054,0.05275],
"0.35" :[0.0,0.0,0.0,0.0,0.0,0.0,0.0,0.0,0.0,0.0],
"1.2" :[0.0,0.0,0.0,0.0,0.0,0.0,0.0,0.0,0.0,0.0],
"3.6" :[0.127125,0.119125,0.124125,0.118875,0.119375,0.114875,0.114375,0.115,0.111375,0.115125],
"3.85" :[0.133875,0.135625,0.13075,0.132125,0.1345,0.143625,0.133,0.143375,0.13725,0.135125],
"1.45" :[0.0,0.0,0.0,0.0,0.0,0.0,0.0,0.0,0.0,0.0],
"3.1" :[0.084625,0.0805,0.086625,0.088875,0.0855,0.08525,0.08475,0.08475,0.08925,0.08225],
"3.35" :[0.10825,0.099875,0.10525,0.101125,0.1045,0.099625,0.099875,0.09825,0.10325,0.10625],
"1.7" :[0.0,0.0,0.0,0.0,0.0,0.0,0.0,0.0,0.0,0.0],
"2.6" :[0.046875,0.045125,0.044875,0.04775,0.0505,0.046875,0.047375,0.049125,0.049875,0.0445],
"2.85" :[0.0655,0.069375,0.06675,0.06425,0.067625,0.067,0.0655,0.06775,0.067125,0.06125],
"1.95" :[0.0,0.0,0.00325,0.00425,0.0,0.0,0.0,0.0,0.0,0.0],
"2.1" :[0.01225,0.01625,0.019375,0.015,0.008625,0.0155,0.014625,0.016625,0.018375,0.0115],
"2.35" :[0.0335,0.035125,0.036,0.034,0.032875,0.0305,0.033125,0.032,0.0295,0.033],
"0.25" :[0.0,0.0,0.0,0.0,0.0,0.0,0.0,0.0,0.0,0.0],
"0.6" :[0.0,0.0,0.0,0.0,0.0,0.0,0.0,0.0,0.0,0.0],
"0.85" :[0.0,0.0,0.0,0.0,0.0,0.0,0.0,0.0,0.0,0.0],
"4.45" :[0.173625,0.1705,0.174625,0.1685,0.17525,0.171625,0.17375,0.173375,0.1775,0.176375],
"4.2" :[0.165875,0.163125,0.161625,0.15425,0.162875,0.165375,0.162625,0.15725,0.158,0.159875],
"4.95" :[0.1985,0.197625,0.201,0.202,0.201625,0.19275,0.191125,0.200125,0.194875,0.2025],
"4.7" :[0.184125,0.1855,0.181375,0.1885,0.184,0.192125,0.193125,0.1865,0.192125,0.189125],
"0.3" :[0.0,0.0,0.0,0.0,0.0,0.0,0.0,0.0,0.0,0.0],
"0.5" :[0.0,0.0,0.0,0.0,0.0,0.0,0.0,0.0,0.0,0.0],
"0.75" :[0.0,0.0,0.0,0.0,0.0,0.0,0.0,0.0,0.0,0.0],
"0.15" :[0.0,0.0,0.0,0.0,0.0,0.0,0.0,0.0,0.0,0.0],
"1.0" :[0.0,0.0,0.0,0.0,0.0,0.0,0.0,0.0,0.0,0.0],
"1.25" :[0.0,0.0,0.0,0.0,0.0,0.0,0.0,0.0,0.0,0.0],
"1.5" :[0.0,0.0,0.0,0.0,0.0,0.0,0.0,0.0,0.0,0.0],
"1.75" :[0.0,0.0,0.0,0.0,0.0,0.0,0.0,0.0,0.0,0.0]}, 
"Combined|RS|powerVsError" : {
"0.0" :[0.0,0.0,0.0,0.0,0.0,0.0,0.0,0.0,0.0,0.0],
"2.0" :[0.16,0.163625,0.15275,0.162,0.161,0.150375,0.160375,0.16025,0.151125,0.172625],
"2.25" :[0.196375,0.198375,0.194,0.193875,0.189,0.186625,0.1925,0.19175,0.18775,0.188125],
"2.5" :[0.222,0.2185,0.218625,0.22375,0.215375,0.210875,0.216625,0.221625,0.221,0.22],
"2.75" :[0.2465,0.245625,0.248375,0.232125,0.241,0.2445,0.243,0.241625,0.2425,0.242875],